Language,Reproducible
c++,0.4566929133858268
c,0.41379310344827586
rust,0.018518518518518517
swift,0.6666666666666666
