Language,Reproducible
c++,0.43958868894601544
rust,0.05172413793103448
c,0.4098360655737705
python,0.007633587786259542
swift,0.6666666666666666
